2,Quintin,Queen,"123 6th St. Melbourne, FL 32904"
10,Marylou,Machuca,"4 GoldField Rd. Honolulu, HI, 96815"
20,Lelia,Langner,"71 Pilgrim Avenu Chevy Chase, MD 20815"
30,Myola,Mccarty,"44 Shirley Ave. West Chicago, IL 60185"
40,Shauna,Selke,"70 Bowman St. South Windsor, CT 06074"
50,Alona,Andreas,"512 S. Magnolia St. Orlando, FL 32806"
60,Barbara,Bargas,"452 Cedar Swamp Dr. Waukesha, WI, 53186"
70,Joannie,Jacoby,"8736 Tunnel Court Lagrange, GA 30240"
80,Aaron,Arbogast,"1 Hill Field Ave. Carpentersville, IL, 60110"
90,Easter,Eckert,"84 Pineknoll Ave. Jersey City, NJ 07302"
100,Gale,Godoy,"463 Foster Street, Ridgecrest, CA 93555"
110,Renaldo,Ricci,"332 Paris Hill Street Lincoln Park, MI 48146"
120,Millicent,Macdonnell,"7883 South Glen Ridge Road Westwood, NJ 07675"
130,Suzanna,Shield,"222 Spruce Ave. Mount Holly, NJ 08060"
140,Blondell,Bartos,"9853 North Pin Oak St. Glastonbury, CT 06033"
150,Yadira,Yancy,"8421 Glenwood St. Lincoln, NE 68506"
160,Tim,Tartt,"7977 Lake View St Beckley, WV 25801"
170,Remona,Rosengarten,"643 Sugar Street Roselle, IL 60172"
180,Kathie,Kervin,"5 North Elizabeth Lane Logansport, IN 46947"
190,Shani,Straughter,"9393 Edgewood St. Morton Grove, IL 60053"
200,Clemente,Cepeda,"831 John St. Livonia, MI 48150"
210,Kathie,Kazee,"577 Miller St. Westfield, MA 01085"
220,Herschel,Hoback,"27 Jefferson Ave. Bemidji, MN 56601"
230,Prudence,Penrose,"368 Cedar Dr. Harlingen, TX 78552"
240,Marline,Marrow,"9312 NE. Linden St. Chesapeake, VA 23320"
250,Trey,Twist,"22 Jones Dr. Lake charles, LA 70605"
260,Gaynelle,Gridley,"959 Ashley Drive Southaven, MS 38671"
270,Ruby,Rieger,"13 Smith Store Circle Colonial Heights, VA 23834"
280,Caron,Corey,"2 Peachtree St. Windermere, FL 34786"
290,Tai,Talton,"781 Bald Hill Street Sewell, NJ 08080"
300,Kenia,Kampf,"67 Prince Dr. Indianapolis, IN 46201"
310,Johanne,Jurek,"9972 W. Logan St. The Villages, FL 32162"
